{
  "mae": 0.0030092987274506363,
  "rmse": 0.003999946589329017,
  "r2": 0.9994731341660189,
  "confusion_matrix": [
    [
      20127,
      133
    ],
    [
      4,
      15736
    ]
  ],
  "classification_report": {
    "0": {
      "precision": 0.9998013014753365,
      "recall": 0.9934353405725568,
      "f1-score": 0.9966081552821173,
      "support": 20260.0
    },
    "1": {
      "precision": 0.9916188795765328,
      "recall": 0.9997458703939008,
      "f1-score": 0.9956657913885286,
      "support": 15740.0
    },
    "accuracy": 0.9961944444444445,
    "macro avg": {
      "precision": 0.9957100905259346,
      "recall": 0.9965906054832288,
      "f1-score": 0.9961369733353229,
      "support": 36000.0
    },
    "weighted avg": {
      "precision": 0.9962237647895817,
      "recall": 0.9961944444444445,
      "f1-score": 0.9961961328464204,
      "support": 36000.0
    }
  }
}